Tgl,11,51,36,19,17,34,31,15,32,33,35,61,64,62,63,65,21,52,16,13,71,12,74,73,72,18,14,82,81,94,91,76,53,75
2020-03-21,0,3,43,0,0,5,267,0,55,14,26,2,9,2,0,0,4,0,0,0,1,2,3,2,0,1,1,0,0,0,0,0,0,0
2020-03-22,0,3,47,0,0,5,307,0,59,15,41,2,9,2,1,0,4,0,0,0,1,2,3,2,0,1,1,0,1,0,2,0,0,0
2020-03-23,0,6,56,0,0,5,353,1,59,15,41,2,11,2,1,0,5,0,0,0,1,2,3,2,0,1,1,1,1,0,2,0,0,0
2020-03-24,0,6,65,0,0,6,424,1,60,19,51,3,11,3,1,0,5,1,1,0,2,7,3,4,0,1,2,1,1,0,3,0,0,0
2020-03-25,0,9,67,0,0,17,463,1,73,38,51,3,11,3,2,0,5,2,1,0,2,7,3,13,0,1,1,1,1,0,3,0,0,0
2020-03-26,1,9,67,0,0,16,515,1,78,40,59,3,11,6,1,0,5,2,1,3,2,8,3,27,1,3,2,1,1,0,7,0,0,0
2020-03-27,4,9,84,0,0,22,598,1,98,43,66,3,11,6,1,0,5,2,1,5,2,8,3,29,1,4,1,1,1,2,7,0,0,0
2020-03-28,4,9,103,0,0,22,627,1,119,55,77,3,17,7,1,2,5,2,2,5,2,8,3,33,2,4,1,1,1,2,7,0,0,0
2020-03-29,5,10,106,0,0,22,675,1,149,63,90,8,17,7,1,2,5,2,2,5,2,8,3,47,2,4,2,1,1,2,9,1,0,0
2020-03-30,5,19,128,1,0,18,698,2,180,81,91,9,17,7,5,2,6,2,2,8,2,13,3,50,3,8,3,1,1,2,9,1,0,0
2020-03-31,5,19,142,2,1,23,747,2,198,93,93,9,20,9,8,2,7,4,5,8,2,19,3,50,3,8,3,1,1,2,10,1,0,0
2020-04-01,5,25,152,2,1,28,808,2,220,104,104,10,21,9,8,2,7,6,5,8,3,22,3,66,2,8,3,1,1,2,10,1,0,0
2020-04-02,5,25,164,2,1,27,897,2,223,104,104,10,21,9,8,2,7,6,11,8,3,22,3,66,2,8,7,1,1,2,10,1,0,0
2020-04-03,5,27,170,2,2,27,971,2,225,114,155,10,22,12,8,8,8,7,12,8,3,22,6,82,4,12,10,1,1,2,16,1,0,0
2020-04-04,5,32,173,2,2,33,1028,2,247,120,152,10,24,11,8,8,8,7,12,8,3,25,5,82,4,11,10,1,1,2,18,1,0,0
2020-04-05,5,35,177,2,2,34,1124,2,252,120,188,10,30,11,16,8,9,7,16,8,3,25,6,83,4,11,11,1,1,2,26,2,0,0
2020-04-06,5,43,187,2,2,40,1232,2,263,132,189,12,31,20,18,15,9,10,16,18,5,26,7,113,4,12,12,1,1,2,26,2,0,0
2020-04-07,5,43,194,2,2,41,1369,2,343,133,194,10,31,20,18,15,9,10,16,18,8,26,7,127,5,12,12,1,1,2,26,2,0,0
2020-04-08,6,49,212,2,2,41,1470,2,365,140,196,10,32,20,22,16,9,10,16,18,8,59,11,127,5,15,12,2,3,2,38,2,0,0
2020-04-09,6,63,218,3,4,41,1706,2,376,144,223,10,32,20,22,16,22,16,17,18,8,59,15,138,5,15,12,2,3,2,38,2,1,0
2020-04-10,5,75,243,3,4,41,1753,2,388,144,256,10,35,24,29,16,21,25,21,31,13,59,15,167,14,20,13,2,3,2,38,3,1,1
2020-04-11,5,79,279,4,4,41,1948,4,421,144,267,10,35,24,29,16,21,27,21,31,13,59,16,178,19,20,16,2,3,2,62,5,1,1
2020-04-12,5,81,281,4,4,41,2044,4,450,200,386,13,35,24,34,16,21,37,21,44,17,65,16,222,19,20,16,2,11,3,63,5,1,1
2020-04-13,5,86,285,4,4,57,2186,4,540,203,440,13,35,25,34,16,21,37,18,45,17,67,16,223,19,21,20,2,11,2,68,5,1,1
2020-04-14,5,92,280,4,4,62,2335,5,530,278,475,13,35,25,37,16,26,37,19,48,17,72,16,231,19,21,20,2,11,2,68,5,1,1
2020-04-15,5,98,281,5,4,62,2474,6,559,292,499,13,35,33,49,20,32,37,22,55,18,78,24,242,22,20,20,4,14,2,75,7,1,1
2020-04-16,5,113,297,6,4,62,2670,7,570,300,514,21,44,34,59,28,38,45,37,55,18,79,26,271,22,25,24,4,14,5,80,7,1,4
2020-04-17,5,124,311,6,4,64,2815,8,632,304,522,21,44,35,74,47,58,51,54,62,18,79,27,332,24,26,26,4,14,5,89,7,1,4
2020-04-18,6,131,321,6,4,67,2924,8,641,329,555,21,54,41,92,50,79,55,84,71,20,79,28,343,24,26,30,4,17,5,95,7,1,4
2020-04-19,7,135,324,7,4,67,3032,8,696,349,590,21,59,46,96,69,79,61,89,72,20,81,37,370,27,26,30,4,17,7,107,7,1,4
2020-04-20,7,140,341,7,4,69,3097,8,747,351,590,21,63,60,96,74,79,72,89,74,20,83,37,370,27,26,34,4,17,7,107,7,1,4
2020-04-21,7,150,341,8,8,72,3260,13,756,449,603,27,68,67,98,77,81,93,89,76,20,84,37,374,27,27,35,4,17,7,118,7,1,7
2020-04-22,7,152,337,8,8,75,3383,13,762,479,638,31,69,82,107,77,81,108,89,81,20,93,37,387,29,27,35,12,17,8,123,8,1,7
2020-04-23,7,167,337,9,8,76,3517,14,784,538,664,50,74,83,114,77,83,115,93,86,31,95,37,397,29,38,36,14,17,13,130,8,1,7
2020-04-24,8,177,359,9,8,77,3599,18,862,575,690,50,85,94,132,77,83,153,106,96,36,96,41,420,32,38,36,14,17,15,136,33,1,12
2020-04-25,9,183,370,9,8,79,3684,21,907,621,770,51,97,100,146,83,83,180,119,97,36,105,41,432,36,38,38,14,22,16,136,35,1,14
2020-04-26,9,186,370,10,8,82,3798,32,912,649,785,51,105,104,146,89,85,195,129,102,40,111,45,440,36,42,39,26,22,16,141,35,1,15
2020-04-27,9,194,382,10,8,83,3869,32,951,666,796,51,107,112,150,90,86,206,129,121,40,111,45,440,36,42,39,26,22,16,151,35,1,14
2020-04-28,9,215,388,10,8,93,4002,32,969,682,857,51,115,121,150,92,89,221,143,144,43,111,45,453,42,44,40,26,22,37,177,37,1,15
2020-04-29,9,215,388,10,12,94,4092,32,1009,711,872,58,119,127,157,92,89,230,144,145,44,114,53,465,47,46,41,26,23,37,189,38,1,15
2020-04-30,10,222,404,10,12,95,4175,32,1012,724,958,58,134,145,170,100,89,230,150,148,45,117,62,491,47,46,41,40,23,37,205,42,3,15
2020-05-01,11,235,418,19,12,104,4317,32,1012,746,1034,61,136,156,179,115,89,233,156,172,45,117,62,547,48,50,42,41,23,42,210,43,3,15
2020-05-02,11,237,427,19,12,114,4397,32,1043,767,1037,68,154,157,179,122,89,250,156,182,45,117,64,577,59,50,45,41,23,43,240,44,3,15
2020-05-03,12,262,432,20,12,115,4463,38,1054,776,1117,70,162,157,195,122,92,269,185,195,45,123,64,601,59,50,53,50,23,43,240,44,10,15
2020-05-04,12,271,446,20,12,115,4539,38,1252,798,1124,73,167,180,198,130,92,269,185,203,45,129,64,607,59,54,58,50,23,43,240,44,10,15
2020-05-05,12,277,458,28,12,121,4687,43,1300,849,1171,73,168,181,212,131,97,285,199,221,45,130,69,640,70,55,61,50,23,49,247,58,12,15
2020-05-06,17,277,487,28,14,122,4770,47,1320,891,1221,90,182,186,225,131,98,289,210,238,45,141,69,665,70,63,61,50,23,53,248,58,12,15
2020-05-07,17,287,495,28,14,137,4855,47,1381,904,1267,95,182,188,238,131,98,300,227,252,45,142,69,684,75,63,66,50,23,53,252,58,12,19
2020-05-08,17,300,505,28,14,143,4955,47,1404,933,1284,95,209,188,246,131,100,312,227,270,47,157,70,708,75,66,69,50,32,53,265,60,12,19
2020-05-09,17,306,523,28,37,146,5056,62,1437,959,1419,118,214,189,253,131,101,330,278,286,53,179,71,710,75,66,71,54,32,53,277,62,12,19
2020-05-10,17,311,533,29,37,153,5190,64,1437,978,1502,120,218,193,263,131,101,330,278,299,71,179,76,722,83,66,73,54,32,70,308,62,12,19
2020-05-11,17,314,541,29,37,159,5276,65,1493,980,1536,120,225,200,263,132,104,331,278,299,71,196,76,722,83,66,74,54,32,70,308,62,12,19
2020-05-12,17,328,559,29,40,169,5375,65,1545,989,1669,123,228,204,277,132,106,339,279,319,74,198,76,747,95,66,81,54,50,70,322,68,16,19
2020-05-13,17,332,580,29,40,181,5554,65,1556,1023,1772,129,230,220,291,138,111,344,322,339,82,200,167,803,101,66,88,78,50,70,328,73,19,19
2020-05-14,17,337,593,29,42,185,5688,66,1565,1066,1863,129,238,223,294,138,111,350,441,371,83,202,166,840,111,66,94,81,62,88,332,74,19,21
2020-05-15,17,343,622,29,53,188,5774,69,1596,1109,1921,129,251,227,363,141,115,358,458,393,105,202,183,871,112,66,95,85,62,88,335,74,19,22
2020-05-16,18,346,626,29,56,194,5881,79,1618,1140,2105,131,253,227,370,153,116,365,458,396,114,202,189,917,113,66,95,88,62,102,350,75,47,23
2020-05-17,18,348,650,29,65,199,6010,80,1652,1157,2152,132,254,227,372,155,116,371,521,408,114,218,191,951,115,67,99,92,84,105,383,75,59,24
2020-05-18,18,359,677,29,66,200,6059,81,1677,1165,2296,132,255,227,438,155,127,375,537,409,116,225,191,1017,115,83,101,93,107,105,383,75,68,28
2020-05-19,18,363,698,29,67,207,6155,84,1700,1175,2377,132,258,232,484,160,140,375,597,420,126,235,202,1064,115,84,106,95,107,105,389,77,71,28
2020-05-20,18,371,699,35,67,209,6236,89,1876,1192,2496,132,264,241,547,160,140,393,646,428,152,250,202,1101,115,85,107,96,124,106,409,78,76,28
2020-05-21,18,374,753,36,69,215,6301,89,1962,1217,2998,133,266,254,557,162,140,410,674,436,180,273,202,1135,117,101,108,97,135,110,410,86,79,44
2020-05-22,19,380,768,36,69,220,6400,91,2002,1234,3129,140,271,290,572,163,141,464,693,438,198,285,211,1206,117,105,109,99,157,119,437,86,79,47
2020-05-23,19,388,768,39,69,225,6515,91,2045,1288,3595,168,274,292,590,163,150,474,725,443,201,294,215,1264,121,105,110,99,157,129,494,86,79,49
2020-05-24,19,394,789,39,69,226,6634,95,2091,1309,3663,168,276,308,599,164,154,478,736,478,230,311,215,1296,121,109,111,100,159,130,556,86,79,58
2020-05-25,19,396,789,39,69,226,6709,97,2113,1311,3886,175,276,310,602,164,154,478,812,478,239,315,215,1319,121,116,111,107,160,130,567,86,82,58
2020-05-26,19,407,807,39,69,226,6798,97,2130,1315,3943,176,277,322,630,164,154,488,868,513,265,315,215,1352,121,116,111,118,160,132,567,87,85,58
2020-05-27,19,415,817,42,69,228,6895,97,2157,1326,4142,183,380,330,703,165,162,537,921,537,281,332,226,1381,121,118,111,119,170,132,581,88,85,60
2020-05-28,20,420,831,42,71,228,7001,97,2181,1336,4313,184,281,337,819,165,175,562,942,541,297,362,240,1427,126,118,111,128,188,152,584,88,85,65
2020-05-29,20,443,845,42,72,230,7128,97,2211,1350,4414,184,285,367,893,165,178,590,953,541,306,400,241,1468,126,131,117,139,215,158,640,88,90,68
2020-05-30,20,455,858,45,86,233,7229,97,2231,1366,4613,184,291,398,893,165,196,594,963,552,322,406,241,1510,126,132,117,146,215,162,658,88,91,69
2020-05-31,20,465,861,46,91,236,7348,97,2260,1403,4857,189,295,410,919,165,197,636,982,567,339,409,244,1541,128,133,117,153,223,168,675,92,92,94
2020-06-01,20,482,867,46,91,237,7485,97,2294,1417,4922,196,297,419,948,165,197,652,995,567,339,417,244,1586,128,135,117,160,223,168,725,92,97,94
2020-06-02,20,487,883,50,92,237,7541,97,2314,1432,5135,196,298,428,969,165,209,670,1019,574,354,418,244,1630,128,136,117,174,223,172,819,92,97,108
2020-06-03,20,490,954,62,92,237,7623,97,2319,1455,5318,202,310,456,1033,165,209,685,1029,583,377,444,251,1668,129,136,117,176,238,172,858,92,97,118
2020-06-04,20,510,965,72,92,237,7690,99,2354,1479,5408,202,316,469,1142,165,219,705,1056,594,382,488,252,1722,129,140,117,177,238,173,875,92,97,121
2020-06-05,20,524,989,81,92,238,7766,101,2366,1537,5549,205,317,484,1213,167,223,757,1074,607,391,537,257,1776,136,141,117,178,254,175,918,92,97,121
2020-06-06,20,557,1025,98,92,242,7870,103,2376,1564,5835,210,327,496,1247,168,227,798,1104,618,470,605,257,1840,139,143,118,185,261,178,1005,92,97,126
2020-06-07,20,582,1035,102,92,244,8033,103,2404,1615,5948,210,329,496,1285,169,228,808,1129,626,495,605,259,1904,159,144,118,186,269,179,1064,94,97,134
2020-06-08,20,594,1047,102,92,247,8121,103,2424,1642,6313,210,338,504,1347,169,228,822,1158,626,510,607,259,2014,159,145,118,186,307,179,1090,94,103,134
2020-06-09,20,608,1061,121,92,249,8355,103,2448,1674,6533,234,351,522,1438,170,228,830,1188,645,551,618,263,2194,159,148,120,190,315,183,1108,94,103,139
2020-06-10,22,640,1096,123,92,250,8503,105,2506,1813,6806,245,362,537,1565,170,228,857,1229,659,546,635,266,2383,159,150,120,227,328,191,1137,95,105,145
2020-06-11,22,659,1121,126,92,252,8650,105,2551,1832,7103,245,365,552,1634,170,238,868,1271,661,579,680,272,2524,159,152,120,263,328,195,1156,96,105,149
2020-06-12,22,695,1157,132,95,262,8740,106,2572,1876,7421,267,373,565,1694,170,238,891,1304,671,644,768,277,2582,159,153,120,285,387,200,1197,97,105,181
2020-06-13,22,723,1231,136,98,264,8861,108,2587,1946,7597,267,376,586,1817,170,239,904,1326,674,651,862,279,2707,168,165,125,302,400,205,1237,97,105,185
2020-06-14,27,741,124,144,101,269,8978,108,2604,2059,7793,268,378,586,1887,170,239,915,1396,681,658,872,283,2840,170,166,125,310,421,208,1249,98,108,185
2020-06-15,27,760,1243,144,101,272,9120,108,2623,2175,8063,268,382,631,1953,170,254,937,1448,681,676,932,286,2941,171,166,126,312,452,209,1249,98,108,208
2020-06-16,27,782,1277,145,104,273,9222,108,2662,2231,8308,270,392,657,2122,171,254,957,1498,687,701,957,291,3116,172,166,126,312,496,212,1281,98,108,214
2020-06-17,37,829,1309,147,105,276,9349,109,2703,2346,8533,282,397,702,2208,171,263,978,1541,691,736,970,292,3200,172,169,128,322,520,214,1311,99,108,214
2020-06-18,38,895,1327,147,105,276,9516,109,2758,2391,8917,282,405,738,2326,171,263,1008,1596,696,761,993,326,3366,172,171,134,343,537,219,1350,104,108,214
2020-06-19,38,976,1331,147,107,277,9655,112,2805,2471,9057,296,417,738,2392,173,263,1022,1680,700,784,1024,329,3573,173,172,142,383,544,222,1368,104,108,220
2020-06-20,39,1013,1347,148,116,285,9829,112,2828,2569,9451,298,423,764,2475,175,264,1051,1721,703,809,1082,332,3685,173,180,142,400,581,222,1380,104,108,220
2020-06-21,49,1050,1355,148,116,288,9971,112,2848,2668,9542,298,434,764,2569,176,279,1056,1779,707,853,1095,332,3797,173,181,142,411,603,224,1429,104,111,227
2020-06-22,49,1080,1361,148,116,288,10098,112,2865,2717,9857,298,435,785,2658,177,281,1067,1839,707,854,1115,334,3908,176,181,166,431,633,224,1440,104,111,230
2020-06-23,49,1116,1373,148,118,291,10250,114,2901,2766,10115,313,447,796,2685,177,281,1081,1855,712,861,1232,336,4062,179,181,193,465,634,224,1495,104,111,231
2020-06-24,53,1158,139,148,118,292,10404,114,2945,2842,10298,313,456,800,2775,179,284,1102,1869,715,892,1287,337,4194,180,183,217,560,671,225,1554,105,111,238
2020-06-25,66,1214,1399,148,120,299,10600,114,2977,2920,10545,313,473,810,2835,188,291,1119,1893,717,938,1356,337,4297,181,187,220,640,684,233,1613,106,111,243
2020-06-26,69,1263,1414,148,124,302,10796,114,3014,3097,10901,313,483,817,2876,197,291,1142,1907,720,984,1370,341,4469,183,187,223,661,691,233,1633,108,113,243
2020-06-27,77,1369,1432,149,125,304,10994,117,3064,3294,11178,321,494,822,2930,201,291,1163,1950,722,1039,1447,343,4615,184,188,223,698,705,234,1670,112,113,243
2020-06-28,79,1414,1438,149,125,306,11114,117,3091,3482,11508,321,503,834,3003,201,293,1199,2000,725,1057,1467,343,4807,186,188,224,719,711,236,1696,114,113,243
2020-06-29,79,1444,1444,152,125,306,11237,117,3134,3680,11805,321,510,881,3042,204,293,1213,2023,725,1082,1480,345,4995,186,188,226,719,726,237,1699,114,113,243
2020-06-30,80,1493,1453,152,125,313,11424,117,3218,3833,12136,321,518,894,3148,206,293,1234,2049,726,1109,1551,363,5084,189,190,226,728,742,239,1750,115,113,249
2020-07-01,86,1527,1466,155,129,314,11637,117,3276,4006,12321,336,525,931,3223,206,302,1245,2078,742,1129,1601,405,5214,186,191,227,875,749,242,1846,117,113,249
2020-07-02,86,1640,1474,155,130,320,11823,117,3344,4159,12695,336,531,946,3337,206,307,1260,2120,750,1159,169,464,5379,186,193,228,940,762,244,1916,119,118,256
2020-07-03,87,1706,1495,157,136,324,11961,117,3374,4293,13048,336,544,996,3447,206,310,1283,2156,760,1178,1723,475,5559,186,193,232,950,769,249,1942,120,118,261
2020-07-04,87,1797,1508,161,137,325,12183,117,3463,4403,13461,336,557,1004,3520,206,311,1311,2205,762,1192,1767,479,5754,191,193,233,953,776,253,1984,124,118,269
2020-07-05,87,1849,1513,163,141,331,12435,120,3574,4611,14013,339,584,1032,3564,206,313,1330,2255,775,1208,1778,482,5890,191,195,234,953,794,255,2021,124,118,269
2020-07-06,87,1900,1525,169,141,339,12667,120,3700,4738,14321,339,597,1040,3628,206,313,1362,2326,775,1218,1798,484,5974,191,201,235,953,804,265,2027,124,118,271
2020-07-07,88,1940,1531,171,144,346,12857,121,3779,4878,14601,344,603,1058,3695,206,313,1392,2356,780,1252,1821,487,6192,191,201,236,967,830,266,2057,127,118,276
2020-07-08,89,1971,1544,171,151,349,13211,121,3878,5083,14967,344,617,1073,3818,206,318,1415,2419,780,1342,1977,494,6358,193,202,236,1037,837,266,2074,129,121,286
2020-07-09,90,2024,1559,171,155,357,13488,122,4843,5203,15484,347,623,1096,3926,214,321,1444,2475,785,1468,2085,500,6488,193,203,238,1077,845,272,2101,130,121,286
2020-07-10,90,2110,1573,171,158,364,13739,122,4951,5303,15730,347,642,1131,3990,214,321,1480,2568,791,1570,2197,507,6620,193,205,238,1101,858,276,2181,135,121,316
2020-07-11,99,2147,1581,172,162,370,14113,122,5027,5403,16140,347,673,1157,4069,214,327,1520,2604,794,1637,2284,509,6800,193,205,239,1122,864,282,2204,138,121,345
2020-07-12,106,2195,1593,172,163,371,14517,122,5077,5473,16658,350,690,1196,4146,214,332,1550,2653,800,1660,2323,511,6973,193,208,240,1130,874,286,2267,142,121,359
2020-07-13,106,2257,1600,172,163,379,14797,122,5160,5573,16877,355,695,1222,4218,215,332,1573,2703,800,1680,2367,518,7097,193,209,243,1143,900,286,2365,143,121,363
2020-07-14,110,2358,1609,174,168,387,15064,124,5235,5653,17230,355,722,1254,4379,215,337,1594,2754,803,1697,2497,521,7294,194,209,246,1145,900,292,2366,146,121,385
2020-07-15,137,2421,1612,175,170,396,15324,125,5310,5914,17395,355,756,1254,4488,215,341,1620,2784,805,1741,2596,531,7452,195,215,246,1184,920,292,2426,152,121,392
2020-07-16,140,2533,1629,175,171,404,15636,125,5350,6128,17574,359,780,1266,4621,215,341,1650,2832,806,1769,2693,540,7630,195,219,251,1221,926,296,2478,154,121,416
2020-07-17,145,2619,1638,175,173,408,15889,126,5402,6366,17829,359,823,1324,4722,216,341,1671,2899,813,1797,2776,554,7713,195,220,256,1232,928,301,2496,154,121,425
2020-07-18,145,2690,1646,176,179,416,16236,132,5461,6632,18033,359,848,1324,4829,216,344,1694,2966,817,1851,2923,575,7881,195,229,261,1265,929,339,2552,158,131,426
2020-07-19,146,2745,1674,176,181,432,16538,132,5488,6932,18308,359,868,1399,4938,216,345,1725,3012,826,1898,2937,587,8039,196,231,272,1273,960,341,2601,159,131,432
2020-07-20,148,2781,1682,180,181,438,16899,132,5548,7286,18545,359,893,1399,4990,217,345,1759,3054,828,1962,2952,635,8164,196,231,287,1287,979,368,2640,166,134,537
2020-07-21,149,2856,1693,180,181,465,17279,134,5659,7407,18828,359,964,1412,5083,217,345,1777,3112,836,2000,2994,671,8257,196,232,310,1328,998,371,2646,167,137,616
2020-07-22,151,2934,1697,181,185,486,17621,136,5741,7726,19093,359,994,1448,5216,217,349,1789,3149,846,2077,3163,685,8407,196,237,348,1336,998,376,2678,169,137,616
2020-07-23,158,2996,1707,182,195,496,18068,136,5824,8021,19450,359,1034,1475,5332,218,349,1822,3165,849,2120,3263,712,8527,200,246,350,1345,1010,386,2724,171,137,620
2020-07-24,162,3058,1719,185,195,519,18365,138,5915,8145,19946,359,1072,1520,5422,218,351,1850,3211,852,2162,3320,735,8612,201,246,362,1372,1010,387,2792,175,137,694
2020-07-25,168,3114,1724,186,200,536,18741,139,5988,8336,20256,365,1134,1587,5540,266,354,1883,3228,864,2216,3371,752,8748,201,247,367,1409,1016,388,2832,187,137,796
2020-07-26,168,3157,1738,188,200,543,19125,139,6039,8412,20539,365,1166,1632,5656,266,355,1903,3251,869,2263,3390,768,8881,202,250,378,1441,1046,392,2889,192,145,820
2020-07-27,168,3219,1748,191,200,558,19592,139,6084,8622,20812,365,1184,1653,5689,266,355,1926,3275,869,2313,3438,769,8991,202,252,382,1455,1046,396,2945,193,145,851
2020-07-28,193,3249,1757,191,210,572,19995,139,6218,8807,21125,381,1250,1677,5782,268,362,1946,3296,874,2357,3518,769,9123,206,252,409,1493,1068,397,2962,195,145,855
2020-07-29,238,3310,1772,193,212,587,20572,154,6314,9120,21484,381,1307,1677,5884,268,370,1986,3330,891,2415,3759,776,9251,207,252,415,1524,1069,413,2988,201,145,957
2020-07-30,312,3360,1801,193,214,610,20969,156,6461,9281,21772,381,1377,1701,5970,280,370,2022,3387,907,2502,3827,782,9346,207,255,426,1530,1093,430,3021,223,145,1015
2020-07-31,415,3407,1835,193,217,674,21399,162,6532,9516,22089,387,1426,1729,6098,283,447,2065,3417,948,2580,3931,782,9422,207,255,445,1530,1093,433,3059,230,145,1015
2020-08-01,415,3448,1858,193,218,741,21767,168,6584,9659,22324,387,1433,1760,6160,284,491,2065,3427,948,2648,3962,787,9552,207,255,446,1543,1124,451,3087,232,145,1157
2020-08-02,431,3488,1870,193,235,760,22144,169,6637,9732,22504,387,1516,1777,6192,284,493,2115,3444,957,2668,4136,787,9647,213,271,456,1557,1135,460,3114,238,151,1284
2020-08-03,433,3529,1891,196,235,772,22616,169,6693,9827,22982,387,1538,1791,6238,284,493,2150,3455,974,2746,4193,789,9744,213,297,506,1562,1135,460,3114,239,151,1322
2020-08-04,440,3578,1924,196,238,784,23026,188,6787,9887,23412,387,1598,1844,6357,287,493,2171,3490,987,2776,4261,859,9861,213,297,577,1568,1146,471,3164,241,151,1387
2020-08-05,442,3617,1947,197,239,801,23380,193,6912,10036,23829,387,1665,1849,6411,287,500,2197,3553,1006,2794,4391,892,9987,215,298,606,1575,1175,481,3175,245,152,1427
2020-08-06,483,3644,1979,197,240,819,23936,193,6995,10151,24115,394,1701,1874,6478,291,500,2224,3602,1038,2822,4477,951,10169,215,299,621,1582,1221,492,3192,265,152,1431
2020-08-07,536,3682,2013,200,240,838,24601,205,7147,10383,24493,397,1799,1911,6535,291,517,2239,3623,1079,2840,4693,978,10257,216,303,656,1613,1292,536,3215,267,152,1469
2020-08-08,536,3720,2035,200,243,854,25287,210,7387,10471,24922,397,1834,1977,6617,292,526,2263,3675,1102,2860,4794,998,10364,216,307,706,1670,1298,551,3215,275,152,1549
2020-08-09,580,3779,2059,201,252,862,25727,210,7566,10611,25330,410,1887,2007,6715,294,534,2290,3694,1140,2904,4819,102,10454,216,307,732,1674,1330,552,3257,275,152,1556
2020-08-10,676,3817,2082,203,253,876,26162,210,7599,10679,25626,416,1932,2050,6765,296,555,2316,3713,1176,2976,4948,102,10531,216,316,773,1680,1345,557,3278,275,152,1614
2020-08-11,676,3862,2101,203,258,880,26624,210,7694,10765,25917,420,2060,2081,6836,299,572,2338,3735,1189,3012,5155,1052,10585,216,318,789,1691,1347,558,3279,282,155,1617
2020-08-12,748,3892,215,203,260,900,27153,215,7803,10944,26220,429,2106,2087,6889,303,599,2362,3778,1216,3025,5264,1076,10675,220,320,821,1709,1367,571,3305,282,162,1664
2020-08-13,748,3927,2187,203,264,911,27761,215,7914,11148,26561,439,2129,2131,6934,312,613,2375,3805,1258,3150,5358,1106,10756,220,327,889,1717,1406,595,3336,287,162,1672
2020-08-14,840,3980,2208,205,274,946,28299,222,8275,11340,26979,444,2227,2151,6989,312,625,2399,3844,1300,3211,5427,1139,10793,223,332,918,1729,1416,595,3345,299,162,1675
2020-08-15,865,4024,2241,207,277,992,28882,225,8512,11471,27415,447,2283,2188,7051,325,647,2421,3880,1337,3261,5622,1167,10895,223,332,959,1739,1448,601,3345,306,165,1715
2020-08-16,876,4065,2284,212,279,1025,29400,225,8595,11639,27903,447,2369,2188,7151,328,657,2436,3909,1350,3282,5673,1202,11051,223,341,983,1741,1495,605,3422,307,165,1721
2020-08-17,1044,4110,2301,214,279,1041,29952,245,8640,11675,28239,447,2485,2215,7241,329,664,2458,3910,1376,3288,5690,1216,11148,227,343,1017,1744,1521,607,3432,319,165,1788
2020-08-18,1069,4158,2364,216,280,1059,30465,245,8685,11793,28551,452,2578,2258,7281,329,664,2481,3919,1413,3315,5820,1217,11187,228,343,1039,1746,1530,620,3432,320,165,1821
2020-08-19,1132,4220,2411,219,286,1090,31016,250,8789,11924,28886,456,2669,2258,7363,332,679,2505,3964,1439,3336,5898,1217,11219,233,346,1050,1756,1553,634,3453,322,165,1875
2020-08-20,1137,4292,2434,220,286,1138,31610,250,8988,12092,29257,471,2697,2291,7544,337,680,2526,3988,1483,3401,5957,1277,11278,233,352,1097,1761,1611,640,3520,323,165,1875
2020-08-21,1141,4368,2470,222,287,1163,32267,271,9081,12188,29715,500,2892,2314,7618,339,701,2550,4037,1528,3451,5978,1299,11376,235,353,1132,1761,1611,643,3534,331,165,1887
2020-08-22,1211,4446,2512,226,288,1178,32855,274,9215,12288,30036,533,3021,2348,7696,340,701,2564,4091,1565,3522,6051,1310,11437,236,356,1195,1770,1615,647,3567,347,170,1887
2020-08-23,1211,4513,2544,228,288,1193,33470,274,9283,12476,30315,566,3101,2410,7777,349,745,2582,4125,1633,3552,6129,1323,11470,238,362,1237,1774,1669,649,3567,352,171,1959
2020-08-24,1241,4576,2605,228,289,1207,34103,274,9420,12628,30635,578,3145,2427,7838,357,756,2596,4157,1659,3554,6166,1327,11516,239,365,1279,1778,1677,659,3650,353,171,1959
2020-08-25,1261,465,2637,231,300,1248,34740,281,9670,12826,30998,605,3286,2438,7920,360,767,2613,4202,1736,3598,6300,1365,11568,239,369,1319,1779,1742,659,3650,360,172,1970
2020-08-26,1291,4726,2666,235,303,1264,35453,289,9848,12973,31329,605,3420,2446,7974,361,775,2641,4223,1823,3613,6437,1402,11638,239,371,1361,1809,1748,711,3686,362,173,1970
2020-08-27,1399,4808,2725,235,305,1306,36213,296,10002,13225,31696,611,3626,2464,8013,361,825,2662,4248,1864,3652,6541,1452,11680,239,376,1460,1825,1781,720,3709,368,174,2023
2020-08-28,1449,4901,2767,235,329,1326,37082,302,10528,13467,32113,611,3723,2464,8081,373,861,2685,4305,1890,3686,6627,1501,11756,240,378,1526,1840,1785,726,3735,384,176,2035
2020-08-29,1546,4989,2827,235,332,1373,37943,302,10815,13647,32754,627,3923,2482,8192,379,900,2727,4361,1978,3751,6730,1539,11841,241,382,1605,1840,1812,746,3771,388,176,2041
2020-08-30,1600,5078,2872,239,343,1397,39037,302,10918,13785,33220,645,4120,2507,8256,382,900,2728,4401,2068,3833,6769,1565,11870,241,389,1739,1858,1832,752,3796,393,177,2041
2020-08-31,1633,5207,2903,239,343,1425,40086,302,11063,13964,33543,645,4244,2548,8288,384,990,2742,4454,2157,3848,6827,1566,11978,243,395,1846,1860,1857,807,3796,395,177,2041
2020-09-01,1649,5367,2929,239,349,1445,40987,302,11278,14164,33893,653,4305,2585,8357,392,1017,2758,4486,2240,3893,6942,1608,12057,244,399,1924,1866,1900,831,3862,396,179,2075
2020-09-02,1697,5536,2997,239,353,1474,42041,303,11481,14428,34278,659,4377,2585,8416,396,1064,2772,4520,2328,3908,7124,1623,12194,245,410,2031,1871,1910,836,3873,396,191,2090
2020-09-03,1794,5710,3031,240,361,1507,43400,303,11719,14670,34655,674,4534,2636,8527,422,1100,2786,4583,2372,3942,7265,1629,12244,249,424,2137,1878,1961,861,3901,402,200,2151
2020-09-04,1884,5906,3053,242,364,1525,44280,304,12104,14860,35005,685,4815,2689,8576,426,1165,2795,4618,2437,3972,7390,1661,12321,249,428,2267,1887,2004,888,3973,402,202,2160
2020-09-05,1945,6071,3102,242,369,1546,45157,304,12332,15118,35331,691,4943,2689,8657,435,1182,2828,4660,2507,3990,7552,1677,12475,252,440,2445,1887,2064,895,4074,419,204,2182
2020-09-06,2023,6212,3187,243,391,1557,46333,304,12505,15351,35634,704,5129,2740,8760,443,1182,2847,4675,2751,4002,7633,1706,12684,252,452,2585,1887,2144,908,4074,419,206,2186
2020-09-07,2042,6385,3264,243,391,1571,47379,304,12709,15615,35941,704,5191,2807,8837,448,1235,2855,4745,2795,4003,7725,1706,12695,252,455,2718,1896,2164,940,4148,419,206,2201
2020-09-08,2054,6549,3323,250,394,1595,48393,304,13045,15852,36342,711,5277,2807,8903,455,1259,2875,4786,2910,4024,7832,1717,12746,257,466,2831,1900,2206,941,4162,435,209,2225
2020-09-09,2152,6723,3360,252,397,1645,49397,308,13333,16133,36712,723,5357,2851,9001,456,1312,2890,4824,3020,4046,7964,1741,12864,261,488,2969,1910,2228,959,4162,450,213,2241
2020-09-10,2258,6834,3402,263,400,1695,50671,309,13668,16508,37093,728,5447,2887,9078,458,1340,2901,4890,3124,4064,8110,1767,13032,261,509,3163,1911,2248,970,4276,456,213,2269
2020-09-11,2403,6978,3448,270,430,1744,51635,314,13940,17074,37455,736,5599,2920,9152,460,1357,2910,4945,3161,4085,8241,1801,13183,269,511,3345,1918,2365,1019,4330,458,213,2271
2020-09-12,2527,7113,3469,275,458,1787,52840,319,14231,17460,37839,747,5752,2966,9249,465,1378,2923,5018,3264,4105,8362,1834,13235,269,555,3569,1921,2377,1086,4392,462,217,2282
2020-09-13,2739,7226,3519,283,466,1836,54220,321,14388,17742,38088,754,5926,3002,9282,469,1411,2939,5051,3387,4149,8465,1869,13291,271,555,3781,1935,2434,1086,4476,470,237,2314
2020-09-14,2892,7312,3574,283,467,1869,55099,321,14591,17913,38431,780,6049,3002,9423,474,1430,2961,5078,3505,4165,8559,1890,13476,271,615,3909,1940,2465,1185,4572,471,237,2314
2020-09-15,3032,7380,3636,284,476,1895,56175,331,14938,18111,38809,784,6100,3059,9500,479,1438,2981,5118,3633,4171,8808,1948,13583,272,644,4054,1956,2481,1236,4637,475,276,2330
2020-09-16,3127,7429,3774,295,480,1943,57469,345,15231,18451,39181,803,6317,3123,9511,481,1460,2990,5175,3749,4182,8934,2008,13747,276,666,4237,1966,2500,1278,4763,477,289,2336
2020-09-17,3236,7492,3895,305,510,1984,58582,351,15584,18744,39508,825,6486,3123,9547,483,1494,3009,5233,3868,4212,9051,2043,13867,278,687,4462,1972,2503,1333,4836,482,302,2341
2020-09-18,3352,7543,4036,306,523,2037,59840,358,15925,18942,39993,840,6605,3178,9572,485,1582,3029,5293,4002,4232,9176,2060,14026,289,694,4687,1973,2510,1387,4894,484,313,2353
2020-09-19,3527,7628,4164,310,530,2111,60828,372,16395,19213,40372,861,6716,3228,9650,488,1627,3082,5331,4161,4254,9273,2119,14193,297,715,4990,1992,2551,1435,5099,485,315,2375
2020-09-20,3595,7749,4343,311,536,2181,61966,386,16822,19516,40708,867,6776,3272,9735,489,1639,3101,5402,4267,4295,9368,2187,14367,320,728,5288,1992,2566,1495,5149,504,321,2435
2020-09-21,3694,7888,4464,312,536,2245,63318,386,17502,19754,41076,868,6954,3300,9817,492,1724,3126,5449,4448,4317,9468,2223,14403,321,738,5448,2011,2615,1516,5176,505,321,2437
2020-09-22,3785,7996,4593,320,541,2312,64554,386,18077,19982,41417,879,7068,3300,9902,503,1747,3137,5497,4649,4329,9566,2261,14524,330,762,5701,2014,2652,1587,5249,530,332,2441
2020-09-23,3835,8126,4809,334,572,2375,65687,395,18593,20239,41755,885,7264,3392,9984,532,1864,3161,5607,4853,4335,9653,2351,14648,344,778,5889,2035,2654,1674,5387,540,349,2489
2020-09-24,3891,8245,4939,335,579,2397,66731,399,19397,20673,42098,901,7459,3431,10047,550,1875,3200,5690,5155,4357,9749,2422,14813,348,799,6120,2039,2654,1674,5653,546,367,2489
2020-09-25,3982,8389,5050,336,590,2458,67902,409,20131,21004,42391,935,7851,3474,10080,556,2022,3218,5734,5363,4390,9843,2501,14982,354,814,6315,2045,2654,1820,5763,567,388,2534
2020-09-26,4173,8452,5185,337,600,2499,69224,425,20517,21368,42670,946,8070,3474,10120,563,2115,3246,5794,5504,4412,9941,2681,15175,375,826,6577,2048,2727,1951,5840,571,394,2539
2020-09-27,4246,8532,5290,337,645,2519,70441,446,20954,21626,42890,957,8210,3485,10197,569,2170,3265,5876,5720,4437,10038,2763,15295,375,841,6780,2048,2727,1990,5953,617,402,2572
2020-09-28,4325,8639,5417,337,647,2558,71339,467,21443,21930,43174,957,8324,3549,10237,573,2182,3282,5927,5926,4444,10123,2780,15354,393,851,7034,2052,2727,2054,5999,617,402,2659
2020-09-29,4471,8745,5499,347,665,2607,72577,490,21759,22205,43450,974,8438,3634,10289,575,2200,3289,5985,6180,4456,10211,2819,15501,402,875,7270,2059,2815,2088,5999,773,406,2671
2020-09-30,4554,8878,5643,361,693,2643,73736,513,22205,22435,43744,982,8651,3645,10348,577,2234,3316,6095,6281,4487,10313,2862,15579,410,894,7622,2065,2815,2135,6321,794,424,2753
2020-10-01,4666,9019,5743,371,713,268,74989,534,22764,22734,44058,1011,8782,3691,10403,583,2250,3346,6135,6473,4505,10424,2910,15698,440,907,7887,2067,2859,2166,6382,804,429,2759
2020-10-02,4854,9149,5825,387,722,2700,76187,558,23308,23078,44341,1017,9101,3720,10479,590,2273,3372,6207,6587,4530,10513,2989,15772,450,932,8068,2074,2976,2213,6504,809,439,2775
2020-10-03,4927,9254,5960,406,724,2772,77452,571,23651,23450,44649,1023,9218,3758,10562,597,2306,3394,6277,6872,4551,10599,3032,15815,461,942,8240,2075,2976,2259,6690,820,448,2775
2020-10-04,4994,9365,6129,411,728,2791,78850,593,23899,23764,44898,1042,9446,3776,10618,603,2343,3420,6323,7127,4576,10682,3066,15883,466,951,8403,2075,3040,2346,6781,829,464,2816
2020-10-05,5064,9448,6268,423,752,2813,79872,618,24402,24129,45135,1044,9563,3804,10662,605,2382,3441,6346,7343,4595,10771,3069,15900,467,988,8701,2077,3062,2361,6881,830,465,2839
2020-10-06,5182,9547,6368,428,758,2833,80979,647,24910,24529,45417,1085,9763,3818,10734,610,2411,3464,6417,7429,4630,10869,3161,15946,491,1015,8832,2077,3130,2475,7073,842,467,2839
2020-10-07,5254,9652,6448,438,762,2853,82190,669,25662,24913,45748,1095,9965,3855,10774,623,2421,3471,6531,7623,4652,10965,3256,16085,514,1031,8982,2077,3178,2544,7214,862,485,2922
2020-10-08,5423,9759,6570,440,774,2904,83372,715,26259,25261,46095,1108,10203,3866,10816,629,2450,3485,6614,7824,4685,11064,3356,16298,528,1089,9226,2082,3272,2754,7312,868,532,2931
2020-10-09,5546,9897,6711,454,785,2960,84315,760,26763,25673,46405,1136,10338,3890,10897,632,2450,3513,6677,8119,4704,11159,3419,16399,539,1089,9430,2082,3272,2854,7428,878,551,2933
2020-10-10,5644,10028,6882,461,796,3029,85574,790,27031,26083,46715,1216,10469,3907,10950,637,2525,3520,6743,8364,4744,11247,3477,16562,552,1120,9661,2089,3396,2891,7472,879,558,2940
2020-10-11,5767,10135,6988,474,803,3064,86963,812,27236,26401,46984,1297,10663,3941,11026,645,2547,3539,6776,8714,4798,11332,3568,16738,568,1131,9971,2089,3435,3016,7622,894,565,2947
2020-10-12,5844,10228,7067,474,804,3107,88174,825,27522,26640,47280,1297,10729,3967,11052,649,2619,3554,6821,8880,4803,11419,3627,16819,569,1147,1018,2105,3448,3036,7622,894,565,2949
2020-10-13,5895,10304,7148,475,807,3145,89228,863,28087,27106,47595,1311,10837,3978,11130,662,2641,3562,6887,9052,4812,11508,3736,16917,586,1162,10343,2110,3454,3079,7764,917,572,2949
2020-10-14,5960,10413,7239,480,825,3171,90266,893,28529,27392,47894,1328,11047,3987,11185,673,2660,3588,6947,9403,4857,11596,3802,17066,596,1204,10643,2114,3459,3079,7988,932,574,2959
2020-10-15,6077,10513,7350,484,832,3216,91337,916,29119,27864,48161,1357,11212,4014,11261,673,2699,3613,7005,9766,4868,11686,3902,17179,617,1221,10824,2115,3471,3235,8099,939,575,2960
2020-10-16,6254,10605,7466,488,839,3261,92382,942,29543,28307,48452,1382,11306,4045,11329,687,2768,3646,7058,10250,4930,11775,3950,17286,617,1250,11102,2120,3479,3353,8099,944,582,2964
2020-10-17,6436,10697,7593,499,862,3285,93356,968,30043,28723,48690,1413,11503,4081,11400,691,2768,3673,7104,10700,4959,11861,4023,17352,668,1285,11358,2120,3521,3465,8168,949,584,2964
2020-10-18,6551,10771,7723,515,877,3325,94327,982,30254,29079,48932,1428,11885,4081,11439,714,2836,3704,7143,10963,4985,11944,4249,17483,685,1298,11642,2120,3561,3626,8239,952,587,2967
2020-10-19,6667,10880,7843,516,880,3343,95253,988,30778,29395,49174,1428,11970,4122,11446,715,2883,3732,7182,11205,5026,12035,4275,17526,687,1340,11839,2131,3597,3636,8239,952,588,2969
2020-10-20,6765,10955,7922,523,915,3356,96217,1027,31250,29844,49474,1451,12038,4149,11488,715,2915,3753,7229,11373,5048,12125,4301,17593,726,1376,12006,2142,3617,3653,8368,967,592,2969
2020-10-21,6844,11042,8093,538,917,3389,97217,1049,31907,30218,49801,1451,12221,4162,11508,735,3012,3785,7328,11652,5075,12212,4382,17690,762,1420,12319,2152,3624,3688,8368,971,605,2972
2020-10-22,6947,11125,8313,544,928,3434,98206,1068,32643,30731,50069,1497,12480,4162,11535,752,3012,3810,7362,11875,5087,12297,4472,17767,775,1460,12601,2180,3624,3761,8463,971,615,2975
2020-10-23,7037,11203,8458,544,961,3462,99158,1092,33147,31302,50364,1528,12703,4213,11583,761,3126,3830,7435,12132,5132,12388,4550,17828,787,1522,12877,2187,3650,3858,8512,971,634,2975
2020-10-24,7125,11279,8563,549,969,3506,100220,1118,33568,31586,50653,1564,12944,4233,11629,766,3207,3836,7500,12432,5176,12472,4622,17893,799,1551,13257,2188,3718,3879,8569,978,649,2982
2020-10-25,7212,11388,8794,553,995,3550,100991,1140,33924,31942,50921,1564,13119,4251,11648,780,3362,3858,7522,12791,5209,12562,4665,17936,817,1601,13547,2188,3739,3885,8618,987,652,3001
2020-10-26,7252,11455,8914,554,995,3576,101897,1149,34355,32098,51217,1577,13225,4274,11650,782,3500,3884,7538,13060,5232,12655,4675,17950,821,1646,13752,2192,3739,3891,8785,988,653,3003
2020-10-27,7265,11520,9038,566,1017,3617,102678,1156,34745,32414,51506,1606,13348,4284,11662,791,3603,3913,7581,13373,5243,12745,4713,18155,838,1686,13998,2193,3772,3974,8785,997,667,3005
2020-10-28,7339,11588,9208,573,1040,3662,103522,1188,35148,32732,51752,1620,13562,4288,11732,805,3738,3940,7667,13649,5287,12837,4856,18275,848,1729,14251,2196,3785,4080,8910,1000,669,3007
2020-10-29,7373,11647,9299,578,1049,3744,104235,1219,35607,33100,52020,1633,13770,4328,11764,814,3901,3950,7744,13984,5351,12925,4902,18298,855,1757,14511,2196,3790,4088,8930,1000,679,3007
2020-10-30,7394,11712,9406,581,1081,3803,104847,1230,35927,33295,52242,1650,13975,4339,11808,821,3968,3966,7787,14285,5388,13014,4926,18339,855,1794,14672,2199,3790,4136,8992,1027,679,3017
2020-10-31,7405,11764,9490,583,1081,3835,105597,1230,36338,33912,52465,1655,14091,4344,11856,822,4008,3972,7849,14537,5407,13107,4950,18345,857,1825,14799,2199,3852,4149,9037,1029,681,3017
2020-11-01,7426,11821,9580,587,1082,3851,106205,1230,36583,34370,52718,1677,14259,4344,11881,826,4025,3996,7903,14765,5428,13198,5070,18370,876,1851,14830,2199,3863,4189,9037,1036,690,3021
2020-11-02,7457,11846,9654,592,1087,3883,107229,1230,36924,34618,53002,1677,14345,4381,11893,829,4047,3998,7921,14940,5452,13277,5073,18372,878,1884,14841,2232,3863,4189,9037,1036,694,3021
2020-11-03,7482,11906,9726,603,1099,3932,107846,1237,37408,35071,53274,1712,14497,4398,11909,841,4110,4016,7952,15013,5476,13355,5080,18399,889,1936,14947,2232,3877,4280,9082,1041,718,3031
2020-11-04,7526,11979,9816,637,1117,3972,108614,1242,37924,35618,53513,1731,14643,4418,11924,856,4144,4042,8022,15183,5484,13434,5122,18469,906,1984,15119,2234,3877,4298,9082,1042,728,3031
2020-11-05,7563,12039,9866,652,1140,4140,109411,1252,38551,35978,53791,1791,14950,4468,12017,872,4188,4096,8090,15421,5527,13511,5163,18532,938,2022,15278,2235,3884,4329,9275,1052,743,3031
2020-11-06,7634,12113,9970,667,1157,4165,110083,1267,39138,36591,54080,1870,15140,4517,12080,879,4230,4117,8184,15656,5528,13589,5242,18558,963,2066,15421,2238,3914,4395,9275,1064,751,3032
2020-11-07,7661,12181,10095,680,1197,4203,111201,1285,39614,37080,54349,1953,15405,4559,12130,890,4273,4149,8267,15823,5580,13665,5315,18683,988,2105,15586,2240,3924,4449,9275,1226,768,3037
2020-11-08,7687,12225,10154,696,1235,4237,112027,1326,40093,37720,54631,1989,15606,4612,12176,893,4357,4195,8309,16019,5638,13743,5361,18760,1047,2165,15744,2240,3964,4501,9308,1235,778,3045
2020-11-09,7690,12293,10274,696,1239,4269,112743,1362,40423,38339,54865,1989,15681,4647,12186,897,4385,4239,8335,16145,5682,13818,5365,18818,1047,2251,15757,2244,3975,4509,9308,1270,779,3049